{
  "total_runtime_seconds": 9.462999,
  "stage_runtime_seconds": {
    "ingestion": 1.138051,
    "eda": 0.58165,
    "validation": 0.069085,
    "cleaning": 1.301438,
    "features": 0.136709,
    "segmentation": 0.079618,
    "benchmark": 4.731882,
    "manual_baseline": 1.42432
  },
  "rows_processed": 541909,
  "rows_per_second": 57266.095029704644
}