{
  "total_runtime_seconds": 12.305412,
  "stage_runtime_seconds": {
    "ingestion": 1.190068,
    "eda": 0.719894,
    "validation": 0.08573,
    "cleaning": 1.779188,
    "features": 0.214494,
    "segmentation": 0.129836,
    "benchmark": 6.718303,
    "manual_baseline": 1.467529
  },
  "rows_processed": 541909,
  "rows_per_second": 44038.26543962933
}