{
  "rules_version": "rfm_rules_v1",
  "thresholds_version": "thresholds_v1",
  "bins": 5,
  "quantiles": {
    "recency": {
      "0.2": 13.400000000000091,
      "0.4": 33.0,
      "0.6": 72.0,
      "0.8": 179.0
    },
    "frequency": {
      "0.2": 1.0,
      "0.4": 2.0,
      "0.6": 3.0,
      "0.8": 6.0
    },
    "monetary": {
      "0.2": 249.34400000000008,
      "0.4": 487.4120000000001,
      "0.6": 933.348,
      "0.8": 2055.0500000000006
    }
  }
}